{"data":
  {
    "bgImage":"http://1.bp.blogspot.com/-NETRxIN7rFI/VWmAP-HF7BI/AAAAAAAAAa4/H6jQqPhoAv4/s1600/100_2886.JPG",
    "highlights":[
      {"id":"1",
        "site":"Church of St.Mary",
        "category":"Zetoun",
        "info": "This Church is well known because of the apparitions of St. Mary which spanned over a peroid of 2-3 years. The first apparition at Zeitoun was recorded on the evening April 2, 1968 when a Muslim bus mechanic called Farouk Mohammed Atwa, who worked across the street from the church of Saint Demiana in Zeitoun, thought that the apparition was a woman attempting suicide by jumping from the structure. The sighting was reported to the police. Crowds began to gather on the event site and the police attempted to disperse it. According to the police, the sighting was just a reflection of the light from the street lamps. However, the crowds viewed the sighting as a clear apparition of Saint Mary, and so the attempts by the police to disperse the crowd were unsuccessful. The event itself ended in few minutes.A week later on April 9 the phenomenon reoccurred for a few minutes and since then apparitions became quite frequent, sometimes repeating two-three times a week. The appearance of the lights continued up to 1971. Many healings and miracles were reported during the time of the apparitions.  The apparitions were witnessed by all the Clergy and by Muslim President Gamal Abdel Nasser, and captured by newspaper photographers and Egyptian television. Investigations performed by the police could find no explanation for the phenomenon. No device was found within a radius of fifteen miles capable of projecting the image, while the sheer number of photographs from independent sources suggests that no photographic manipulation was involved. Having been unable to produce an alternative explanation for the luminous sightings, the Egyptian government accepted the apparitions as true.",
        "lat": "30.10459056",
        "long": "31.3163635",
        "image": "https://upload.wikimedia.org/wikipedia/commons/b/b0/Our_Lady_of_Zeitoun_1968.jpg",
        "video": "https://youtu.be/nMEWxRB-1dc",
        "videoEmbed": "https://www.youtube.com/embed/nMEWxRB-1dc"
      },

      {"id":"2",
        "site":"St. Samaan the Shoe Maker",
        "category":"Mount Mokatam in Cairo",
        "info": "St. Simon the Shoemaker (10th century A.D.), also known as Samaan the Tanner (Sama'an el-Dabbagh in Arabic), is the Coptic Orthodox saint associated with the great miracle of moving the Mokattam Mountain in Cairo, Egypt, during the ruling of the Muslim Fatimid Caliph Al-Muizz.The Caliph Al-Muizz used to invite different religious leaders to debate in his presence. In one of those meetings in which Pope Abraam and a Jew named Jacob Ibn Killis were present, the Pope got the upper hand in the debate. Plotting to take revenge, Ibn Killis quoted the verse where the Lord, Jesus Christ, said in Matthew 17:20: If you have faith as small as a mustard seed, you can say to the mountain, Move from here to there, and it will move, nothing will be impossible for you. He then demanded that the Pope prove that his religion is right by means of this.The Caliph saw in this a unique opportunity and asked Pope Abraam to move the Mokattam Mountain. If they proved unable to do so, it would be the proof that the religion of the Christians was wrong and the Caliph would be done away with them completely. The Patriarch was upset. He said to the Caliph: “Be patient with me for three days”. The Patriarch went back in grief. He wrote letters to all the people, priests and bishops of Egypt asking them to fast three successive days till evening and to pray Masses as the church was in danger. The Christians were upset and afraid. The old men and the children cried to the Lord. Mothers left their babes without food. All the people wept. The Patriarch shut himself up inside Al Moallaka (The Hanging) Church for three days without food or water. He kept raising hands and praying, “O Lord help us...O Lord, deliver us.” When the time was up, he slept and had a dream and saw a vision. A very beautiful lady -the Lady Virgin the Mother of Light came to him and said; “The Lord heard your prayers and the people’s prayers. When you go out through the door leading to the market place, you will see a man carrying a big jar of water. This man will tell you what to do.” The Patriarch got up. He knelt down before the Lord and said: “Thank you Lord because you have heard our prayers”.The patriarch went out and reached the place the Mother of Light told him about and found the man she spoke of. He got hold of him and brought him to the church and told him what happened. The man whose name was Simon the tanner (Shoe repairer) said: “The Lord will fight for you, and you shall hold your peace”. The Caliph, the ministers, the statesmen, the captains and the nobles went out to see how the mountain would move. The Jew minister was sure that the Christians would be ashamed and disappointed. They will say to the mountain, “Move” and the mountain would not move. Our Father the Patriarch stood up and besides him stood Simon the tanner. The priests, the deacons and all the people stood in rows behind them. After the mass, the patriarch and his people bowed down in worship then they stood up saying “Lord have mercy, (Keryeleison)”. A great earthquake took place and the Mount shook and moved. Then the Patriarch and the people knelt down again and the Mount moved again causing violent movements in the ground. This happened several times. The caliph and the leaders of the army were afraid and asked the Pope to stop praying so that the city might not be turned over.Al Moez the Caliph knelt down before the Patriarch and said, “I am a Christian.” Then he gave up the throne (Abdicated), and was baptized and lived as a monk. His tomb is there in the church of Abu Sefein up till now. His son Al Azeez became king after him.",
        "lat": "30.0216667",
        "long": "31.3033333",
        "image": "https://static.panoramio.com.storage.googleapis.com/photos/large/19178878.jpg",
        "video": "https://youtu.be/3Bow1FKhGuo",
        "videoEmbed": "https://www.youtube.com/embed/3Bow1FKhGuo"
      },

      {"id":"4",
        "site":"St. Mena Monastery",
        "category":"Alexandria",
        "info": "As soon as Pope Cyril VI (Called Baba Kyrillos in Arabic)of Alexandria became Pope and Patriarch on Saint Mark's Throne in 1959, he began to put the foundations for a great monastery close to the remains of the old city. Pope Cyril VI had a peculiar relationship to Saint Mina and venerated him as his personal patron saint. The first abbot of the modern monastery was the late Mina Ava-Mina, a well-respected figure within the Coptic community. Today, the Monastery of Saint Mina is one of the most famous monasteries in Egypt. The relics of Saint Mina, as well as that of Pope Cyril VI of Alexandria lie in this monastery. Many people visit this monostary and there many miracles that happen in this place. Baba Kyrillos is known as a man of prayer. A virtue he fervently advocated during his time as Pope of the Sea of Saint Mark and the great city of Alexandria.",
        "lat": "30.8515612",
        "long": "29.6661463",
        "image":"https://upload.wikimedia.org/wikipedia/commons/4/49/Monastery_of_Abu_Mena_%2803-2009%29.jpg",
        "video": "https://youtu.be/KseCZfGm-NI",
        "videoEmbed":"https://www.youtube.com/embed/KseCZfGm-NI"
      },
      {"id":"5",
        "site":"Abu SefeinConvent",
        "category":"Cairo",
        "info": "On 6 October 1954, Tamav Irene became a nun in the Convent of Abu-Sefain (St. Philopatyr Mercurius) in Cairo at age 18, the youngest nun there. As with other nuns in her order, Tamav took a vow of lifetime poverty On 15 October 1962 Tamav was ordained the abbess of Abu-Sefain. Her life was to be focused instead on vigil, prayer, fasting and struggle, purity, poverty, solitude and stillness.After becoming the abbess of Abu-Sefain, Tamav stated that she had received a vision of Christ and of Pachomius the Great (292-348 AD), one of founders of the communal life of monks and nuns. Pachomium allegedly told Tamav to follow the rules of the Pachomian Koinonia at Abu-Sefain. She then banned all forms of personal property or segregation, and introduced group prayers and meals. Before Tamav became Abbess, the nuns attended mass and communion in an adjacent church, dedicated to St. Saint Mercurius. Tamav founded St. Mercurius' Church and subsequently founded a second church inside the monastery in honor of the Virgin Mary, on the site where she supposedly sat with Jesus during the flight of the Holy Family's flight.Mother Ireni popularised the veneration of Saint Mercurius among Coptic Christians. In this sense she is often compared with Pope Kyrillos VI whose name became associated with the Egyptian martyr, St Mena. On Abi Seifein's feasts—celebrating his martyrdom, the coming of his relics to Egypt, and the consecration of the first Coptic church in his name—she would speak to the thousands who gathered about the miracles performed through the intercession of the saint. In her weekly meetings, Tamav spoke about heaven to her audience, with the intention of conveying to them hope and consolation. Her talks attracted many devotees, and the number of nuns increased under her guidance increased. Some of her nuns became leaders of convents in Cairo.Under Tamav's guidance, Abu-Sefain published a book highlighting the contribution of women to monastic and ascetic life. The Angelic Life: The Virgin Mary and Other Virgins in Different Ages (Cairo: Harmony Printing House, 2002), can be regarded as a feminist and a new historicist reading of the monastic movement, from which perspective it sets the record straight regarding the role played by women in this movement.One night after Tamav had finished praying, she started thinking about the resting place of the head of our blessed martyr, Abi Seifein (St. Mercurios). After a few minutes, the Martyr appeared in front of her. He took her on his horse to Mt. Athos in Greece and they entered the church of the Vatopedi Monastery. He pointed to a long reliquary and told her: 'My head is here.'' Tamav felt very happy, knelt before the holy relic and kissed it with great respect. Then, she smiled and said to the Martyr, 'I wish it were in our convent.'' He told her, 'Let us pray about that.'' At that time, the Monastery and the whole island were holding a big celebration to honor the Martyr. A few minutes later, the monks carried the reliquary and went all around the monastery as a procession. This was accompanied by gunshots, a sign of respect for his military position. He used to be a supreme commander of the Roman armies. Some of the monks at the monastery saw Tamav, but did not see the Martyr. They were surprised and asked her, “Who are you? How did you come here?” (Woman are not allowed in the Orthodox Monastic Republic of Mount Athos). She understood them with the help of the Martyr who translated their words to her. She replied in English, that she was a Coptic Orthodox nun from Egypt. Tamav was very happy for her visit to the holy mountains. Later, the Martyr brought her back to her cell in Egypt. the Egyptian military was building roads nearby. Originally, the engineers planned that the highway would be built right next to the monastery. But the Devil tempted them to plan the highway to intersect the monastery, so it was then planned that part of the monastery will be destroyed. The government then claimed the land and started construction.When Mother Irini heard this, she was deeply sad and prayed to god to find a solution. God then sent St. Philopatyr Mercurius to come to her aid. The saint then said that they will solve this problem by addressing it to the Egyptian President, Hosni Mubarak. Immediately, both Mother Irini and St Philopatyr were teleported to the president's bedroom, where he was sleeping. When they woke him up, Mubarak was in shock and shouted,'In the name of Allah! How did you come here? The door is closed!' St Philopatyr then said,'By the power of Christ, we can move through locked doors.' The President then recognized Mother Irini and said,'Aren't you the Abbess of the St. Philopatyr Monastery? I have seen a picture of you.' Mother Irini then answered and said, 'Yes, they had an article about me in Wadki'(an Egyptian magazine.) Mubarak then asked Mother Irini,' Who is that guy with you?' Mother Irini then said,' He is the Patron Saint of the monastery, St. Philopatyr Mercurius.' Mubarak then asked what they wanted. St Philopatyr then said,' Don't come close or lay a hand on the monastery.' Mubarak then agreed immediately because he was afraid. St Philopatyr then disappeared and Mother Irini was teleported back to her room in the monastery. It is unknown if Mubarak converted to Christianity or not. Most Copts suggest otherwise due to the difficulties of converting from Islam to Christianity in Egypt. They are certain, however, that Mubark believes in the Christian faith.",
        "lat": "30.0102074",
        "long": "31.2297268",
        "image": "http://tamavirene.com/wp-content/uploads/2012/02/cropped-Tamav-Irene.jpg",
        "video": "https://youtu.be/lZFjXEwzMY8",
        "videoEmbed": "https://www.youtube.com/embed/lZFjXEwzMY8"
      },
      {"id":"6",
        "site":"Anba Wanas",
        "category":"Luxor",
        "info": "St. Youannis (Wannas) was martyred when he was barely 12 years old. He was the only child born to a pious Christian couple, who brought him up in the Christian faith. Despite his young age, he was ordained a deacon by the bishop of the city because of his love for Christ and his spiritual maturity.He stayed in church pretty much all the time and although he was young, he fought the spiritual war faithfully. During the days when there was liturgy, he ate from the holy bread (Orban), and during the days that had no liturgy, he asked the neighboring women to make him some bread (called Hanoun) to sustain him. He walked around the church and did everything that was necessary without ever being lazy or bored. His face shone, and it attracted the attention of everyone who saw him. When the devil waged war on the church through persecution, the saint desired to shed his blood for Christ's sake. In a dream, God showed him that he will receive the crown of martyrdom. St. Wannas went and told the bishop about his dream and asked the bishop to bury his body in Om Qoraat cemetery in Luxor where his ancestors were buried.The Roman commander came to the saint's town with his soldiers and looked for the believers. They heard about the deacon Wannas, and set out looking for him. They found him after he had encouraged the believers, and he did not flee from the commander or his soldiers when they found him. The commander was very angry with St. Wannas because of his courage, and the soldiers began to try a series of torture methods with the saint. They were creative in torturing him, having no mercy on his young age. During all this torturing, St. Wannas glorified God and called out for God to help him.Finally, he was martyred on the 16th day of Hatour (third Coptic month), at the beginning of the fourth century. After the soldiers separated his head from his body, they threw his head far from his body. God guided some believers to his body, which they recognized because of his distinct outfit which he always wore (a white gown with a distinct cross on it), and they joyfully took the body to the bishop, who asked them to go search for the saint's head. They went back and searched for the head until they found it under a palm tree and brought it back to the bishop, who respectfully put perfumes on the body, wrapped it in a shroud, and buried it in the cemetery St. Wannas asked to be buried in. The townspeople passed down by mouth the location of the saint's body in the cemetery. When the late Metropolitan Marcos (previous metropolitan of Luxor, Esna, and Armant) was alive, the location of the cemetery was in the middle of the city, buildings were starting to appear in the cemetery, and the idea of removing the cemetery arose. The metropolitan wanted to find the body of St. Wannas and move it to a worthy place. He started fasting and praying liturgies, asking God to lead him to the place where the body was buried.After fasting for three days without eating or drinking anything, the Lord sent an angel and showed him in a vision the location of St. Wannas' tomb inside the cemetery. The next morning, Metropolitan Marcos went to the cemetery and saw the place that the angel showed him in the vision. He then took the body of the saint amidst the deacons' singing of hymns and praises, and placed it in its current location.St. Wannas is known to be the intercessor when things are lost. His icon shows him in a deacon's outfit, holding a cross and a Gospel like a deacon circling around the altar. This is how people who he appeared to have seen him. Behind him in the picture are Luxor's Obelisks, a sign of St. Wannas' patriotism and connection to the city of Luxor.",
        "lat": "25.7000137",
        "long": "32.6452263",
        "image": "http://3.bp.blogspot.com/_QsDTRmxsuBU/TRrTxtVIOuI/AAAAAAAAAD4/5UW9tjRwrOU/s200/CIMG7993.JPG",
        "video": "https://youtu.be/4hU9FKfLEek",
        "videoEmbed": "https://www.youtube.com/embed/4hU9FKfLEek"
      },
      {"id":"7",
        "site":"St. Paul the Anchorite Monastery",
        "category":"Red Sea Governorate",
        "info": "Paul of Thebes, commonly known as Saint Paul the First Hermit or St Paul the Anchorite (d. c. 341) is regarded as the first Christian hermit. He is not to be confused with Paul the Simple, who was a disciple of Anthony the Great. Paul fled to the Theban desert during the persecution of Decius and Valerianus in c. 250. He lived in the mountains of this desert in a cave near a clear spring and a palm tree, the leaves of which provided him with raiment and the fruit of which provided him with his only source of food until he was 43 years old, when a raven started bringing him half a loaf of bread daily. He would remain in that cave for the rest of his life, almost a hundred years.The Monastery of Saint Paul the Anchorite is a Coptic Orthodox monastery located in the Eastern Desert, near the Red Sea mountains. It is about 155 km (100 miles) south east of Cairo. The monastery is also known as the Monastery of the Tigers. The Monastery of Saint Paul the Anchorite dates to the fifth century AD. It was founded over the cave where Saint Paul the Anchorite lived for eighty years. The first travel narrative of the monastery was provided by Antonius Martyr, a native of Placentia, who visited the tomb of Saint Paul the Anchorite between the years 560 and 570 AD. The first monks to occupy the monastery may have been Melkites, but they were followed by Egyptian and Syrian monks. The Syrians may have had a sustained existence at the monastery, for it appears that they also occupied the monastery during the first half of the fifteenth century, after which their presence disappeared.",
        "lat": "28.8618885",
        "long": "32.5986693",
        "image": "http://farm2.static.flickr.com/1039/3170138978_690fa786d4.jpg",
        "video": "https://youtu.be/L3-CiyyFO48",
        "videoEmbed": "https://www.youtube.com/embed/L3-CiyyFO48"
      }
    ]
  }
}
